{"cameraMode":{"drawMode":0,"name":"Shaded","section":"Shading Mode"},"sceneLighting":true,"audioPlay":false,"sceneViewState":{"showFog":true,"showMaterialUpdate":false,"showSkybox":true,"showFlares":true,"showImageEffects":true,"showParticleSystems":true},"in2DMode":false,"pivot":{"x":12.382547378540039,"y":2.0399999618530275,"z":-42.99690246582031},"rotation":{"x":-0.0020335388835519554,"y":-0.2580482065677643,"z":-0.0005344160599634051,"w":0.9661436676979065},"size":2.988276243209839,"orthographic":false}