{"cameraMode":{"drawMode":0,"name":"Shaded","section":"Shading Mode"},"sceneLighting":true,"audioPlay":false,"sceneViewState":{"showFog":true,"showMaterialUpdate":false,"showSkybox":true,"showFlares":true,"showImageEffects":true,"showParticleSystems":true},"in2DMode":false,"pivot":{"x":7.020020008087158,"y":0.43199995160102847,"z":-20.304237365722658},"rotation":{"x":0.1484416127204895,"y":-0.46822425723075869,"z":0.08013292402029038,"w":0.867358386516571},"size":4.47774076461792,"orthographic":false}